City_ID,City,Lat,Lng,Max Temp,Humidity,Cloudiness,Wind Speed,Country,Date
0,quelimane,-17.8786,36.8883,80.55,88,40,0.0,MZ,1675720617
1,busselton,-33.65,115.3333,66.27,77,98,10.47,AU,1675720618
2,saratov,51.5667,46.0333,0.73,48,62,5.88,RU,1675720596
3,malindi,-3.2175,40.1191,76.53,84,89,11.03,KE,1675720619
4,bay-khaak,51.1667,94.5,-12.57,97,68,3.51,RU,1675720621
5,zhigansk,66.7697,123.3711,-55.05,100,72,2.28,RU,1675720553
6,avarua,-21.2078,-159.775,84.25,79,75,11.5,CK,1675720622
7,kapaa,22.0752,-159.319,79.12,83,40,16.11,US,1675720623
8,bubaque,11.2833,-15.8333,76.26,67,4,24.02,GW,1675720627
9,pokhara,28.2333,83.9833,54.75,66,81,3.24,NP,1675720361
10,byron bay,-28.65,153.6167,74.95,65,97,6.62,AU,1675720632
11,skwierzyna,52.5991,15.5065,28.9,64,0,1.43,PL,1675720634
12,shimoda,34.6667,138.95,47.1,56,100,5.37,JP,1675720547
13,punta arenas,-53.15,-70.9167,59.11,63,75,19.57,CL,1675720517
14,alofi,-19.0595,-169.9187,84.09,74,75,9.22,NU,1675720637
15,thompson,55.7435,-97.8558,15.96,86,100,11.5,CA,1675720638
16,georgetown,5.4112,100.3354,78.73,94,20,6.91,MY,1675720447
17,tual,-5.6667,132.75,80.46,81,99,14.03,ID,1675720220
18,cape town,-33.9258,18.4232,70.88,89,40,16.11,ZA,1675720540
19,ushuaia,-54.8,-68.3,53.26,76,75,13.8,AR,1675720565
20,ribeira grande,38.5167,-28.7,57.78,72,40,20.71,PT,1675720646
21,mogadishu,2.0371,45.3438,76.84,86,69,18.63,SO,1675720647
22,bone,51.9669,12.1396,28.51,85,16,4.85,DE,1675720649
23,san angelo,31.4638,-100.437,79.02,31,0,25.32,US,1675720650
24,hilo,19.7297,-155.09,78.28,85,75,3.44,US,1675720543
25,lompoc,34.6391,-120.4579,66.78,60,20,16.11,US,1675720651
26,hermanus,-34.4187,19.2345,70.81,92,12,5.53,ZA,1675720651
27,lakes entrance,-37.8811,147.981,61.16,74,15,7.27,AU,1675720652
28,virginia beach,36.8529,-75.978,55.42,56,75,17.27,US,1675720517
29,tilichiki,60.4667,166.1,-25.62,93,24,8.84,RU,1675720654
30,bluff,-46.6,168.3333,57.7,87,89,28.79,NZ,1675720654
31,dikson,73.5069,80.5464,-21.93,100,100,5.86,RU,1675720210
32,lebu,-37.6167,-73.65,61.34,75,0,19.57,CL,1675720246
33,riyadh,24.6877,46.7219,69.94,37,14,8.01,SA,1675720656
34,rikitea,-23.1203,-134.9692,79.05,74,69,9.24,PF,1675720234
35,kodiak,57.79,-152.4072,36.91,60,0,4.61,US,1675720594
36,new norfolk,-42.7826,147.0587,60.71,58,0,3.0,AU,1675720590
37,sayat,38.7839,63.8803,39.07,75,43,10.11,TM,1675720659
38,qaanaaq,77.484,-69.3632,-17.34,98,100,1.9,GL,1675720660
39,touros,-5.1989,-35.4608,79.52,80,6,12.97,BR,1675720661
40,albany,42.6001,-73.9662,35.56,69,84,6.26,US,1675720165
41,butaritari,3.0707,172.7902,81.46,79,69,19.95,KI,1675720213
42,torbay,47.6666,-52.7314,38.57,96,100,8.05,CA,1675720289
43,atuona,-9.8,-139.0333,78.21,76,10,13.0,PF,1675720199
44,khilok,51.3674,110.4676,-3.15,96,79,4.29,RU,1675720666
45,puerto ayora,-0.7393,-90.3518,85.96,77,51,11.99,EC,1675720579
46,namibe,-15.1961,12.1522,71.02,77,78,4.14,AO,1675720265
47,luanda,-8.8368,13.2343,80.6,78,40,6.91,AO,1675720668
48,coquimbo,-29.9533,-71.3436,67.73,77,75,12.66,CL,1675720470
49,ponta do sol,32.6667,-17.1,61.43,52,19,9.4,PT,1675720668
50,bambanglipuro,-7.95,110.2833,75.74,92,100,8.66,ID,1675720669
51,ilinskiy,55.619,38.1182,23.34,80,100,2.24,RU,1675720669
52,arani,12.6667,79.2833,66.15,89,8,1.99,IN,1675720671
53,muros,42.7762,-9.0603,47.84,67,0,7.87,ES,1675720258
54,mahebourg,-20.4081,57.7,79.09,89,75,11.5,MU,1675720159
55,chuy,-33.6971,-53.4616,74.01,66,100,8.66,UY,1675720281
56,upernavik,72.7868,-56.1549,-9.54,95,100,7.0,GL,1675720674
57,guaruja,-23.9931,-46.2564,80.89,26,40,5.75,BR,1675720674
58,boyolangu,-8.1181,111.8935,74.16,91,100,1.5,ID,1675720675
59,ossora,59.2353,163.0719,-14.91,91,100,4.99,RU,1675720676
60,beringovskiy,63.05,179.3167,-18.4,93,96,8.72,RU,1675720231
61,bredasdorp,-34.5322,20.0403,70.27,89,80,4.23,ZA,1675720263
62,toamasina,-18.1667,49.3833,75.2,94,75,8.05,MG,1675720678
63,severo-kurilsk,50.6789,156.125,24.13,73,100,26.02,RU,1675720237
64,husavik,66.0449,-17.3389,31.17,63,75,20.15,IS,1675720326
65,pochutla,15.7432,-96.4661,84.2,51,8,7.63,MX,1675720679
66,mar del plata,-38.0023,-57.5575,68.95,72,32,11.99,AR,1675720680
67,tasiilaq,65.6145,-37.6368,2.19,90,99,5.82,GL,1675720680
68,arraial do cabo,-22.9661,-42.0278,80.46,74,75,5.75,BR,1675720532
69,barrow,71.2906,-156.7887,-7.58,71,100,6.91,US,1675719969
70,iqaluit,63.7506,-68.5145,-25.87,68,40,10.36,CA,1675720681
71,matadi,-5.8167,13.45,75.07,90,19,3.24,CD,1675720682
72,arica,-18.475,-70.3042,83.75,69,0,11.5,CL,1675720539
73,punta de bombon,-17.1717,-71.7931,76.62,75,54,7.72,PE,1675720683
74,fortuna,40.5982,-124.1573,54.93,69,0,10.36,US,1675720276
75,lata,40.1629,-8.3327,42.64,67,0,4.99,PT,1675720405
76,nome,64.5011,-165.4064,6.87,66,0,9.22,US,1675720638
77,sernur,56.9333,49.1536,-7.94,100,100,3.49,RU,1675720684
78,hokitika,-42.7167,170.9667,63.12,67,99,3.0,NZ,1675720291
79,bethel,41.3712,-73.414,44.69,64,100,11.5,US,1675720620
80,kewanee,41.2456,-89.9248,49.48,65,99,20.94,US,1675720685
81,valea viilor,46.0833,24.2833,18.63,95,17,2.66,RO,1675720686
82,hobart,-42.8794,147.3294,61.05,62,20,6.91,AU,1675720521
83,hyderabad,17.3753,78.4744,69.31,73,63,6.91,IN,1675720440
84,bambous virieux,-20.3428,57.7575,79.05,89,75,11.5,MU,1675720687
85,tuktoyaktuk,69.4541,-133.0374,-38.2,67,75,2.3,CA,1675720687
86,saskylakh,71.9167,114.0833,-28.23,100,98,2.95,RU,1675720274
87,khatanga,71.9667,102.5,-41.21,100,56,3.24,RU,1675720688
88,la montanita,1.4766,-75.4398,87.94,44,98,2.86,CO,1675720688
89,sao filipe,14.8961,-24.4956,68.59,61,9,17.2,CV,1675720689
90,saint george,37.1041,-113.5841,53.44,37,100,11.01,US,1675720636
91,ous,60.9058,61.5186,-12.42,100,100,3.33,RU,1675720690
92,mehamn,71.0357,27.8492,39.15,81,75,25.32,NO,1675720690
93,grenfell,-33.9,148.1667,70.45,49,0,4.9,AU,1675720115
94,bagdarin,54.4333,113.6,-10.53,95,99,3.87,RU,1675720691
95,gat,31.61,34.7642,52.09,100,89,26.64,IL,1675720083
96,guapi,2.5708,-77.8854,80.17,84,89,5.28,CO,1675720692
97,krasnoselkup,65.7,82.4667,-2.49,98,100,4.85,RU,1675720295
98,saint-philippe,-21.3585,55.7679,76.59,85,85,10.78,RE,1675720237
99,kaitangata,-46.2817,169.8464,69.48,45,11,10.6,NZ,1675720257
100,shagonar,51.5333,92.8,-9.18,98,97,1.57,RU,1675720694
101,pindiga,9.9833,10.9333,79.25,16,96,14.99,NG,1675720694
102,tsarychanka,48.937,34.4786,25.95,82,100,11.95,UA,1675720695
103,guerrero negro,27.9769,-114.0611,63.9,51,98,18.81,MX,1675720695
104,lucapa,-8.4192,20.7447,65.39,87,70,2.73,AO,1675720266
105,inuvik,68.3499,-133.7218,-24.74,71,100,4.61,CA,1675720075
106,te anau,-45.4167,167.7167,56.82,89,99,7.96,NZ,1675720696
107,sorong,-0.8833,131.25,78.55,82,100,3.69,ID,1675720697
108,grindavik,63.8424,-22.4338,28.87,86,75,33.38,IS,1675720116
109,mataura,-46.1927,168.8643,67.06,52,62,10.47,NZ,1675720211
110,mayo,38.8876,-76.5119,49.24,56,100,16.11,US,1675720369
111,coolum beach,-26.5333,153.1,80.11,69,35,12.39,AU,1675720698
112,ryki,51.6257,21.9327,21.06,49,12,6.15,PL,1675720698
113,pop,40.8736,71.1089,39.69,61,51,5.32,UZ,1675720699
114,shebunino,46.4339,141.8603,17.69,66,95,8.1,RU,1675720700
115,kismayo,-0.3582,42.5454,76.46,87,8,15.64,SO,1675720700
116,tessalit,20.1986,1.0114,75.15,10,99,7.07,ML,1675720701
117,clyde river,70.4692,-68.5914,-27.17,68,20,6.91,CA,1675720318
118,veinticinco de mayo,-35.4323,-60.1727,90.99,35,0,1.99,AR,1675720702
119,cidreira,-30.1811,-50.2056,76.05,71,9,8.72,BR,1675720286
120,ballarat,-37.5662,143.8496,55.58,86,34,3.0,AU,1675720498
121,sao jose da coroa grande,-8.8978,-35.1478,78.17,75,100,8.88,BR,1675720704
122,geraldton,-28.7667,114.6,61.21,88,1,4.61,AU,1675720209
123,bryan,30.6744,-96.37,74.95,55,75,17.27,US,1675720491
124,eyl,7.9803,49.8164,73.85,78,15,14.09,SO,1675720704
125,vaini,-21.2,-175.2,82.56,78,75,5.75,TO,1675720149
126,carnarvon,-24.8667,113.6333,75.25,70,0,19.66,AU,1675720232
127,uppsala,60.0,17.75,29.64,86,100,3.44,SE,1675720705
128,borogontsy,62.6683,131.1683,-44.79,100,100,1.52,RU,1675720706
129,muhos,64.808,25.9931,31.78,93,100,7.94,FI,1675720707
130,berlevag,70.8578,29.0864,39.2,75,75,26.46,NO,1675720364
131,taoudenni,22.6783,-3.9836,68.0,19,100,6.93,ML,1675720220
132,sialkot,32.5101,74.5431,55.22,77,28,6.91,PK,1675720708
133,sabang,5.8933,95.3214,80.04,76,90,7.11,ID,1675720268
134,lufilufi,-13.8745,-171.5986,76.78,75,83,16.98,WS,1675720709
135,riviere-au-renard,48.9957,-64.3971,14.29,79,96,13.2,CA,1675720709
136,gazojak,41.1875,61.4036,36.86,70,100,11.68,TM,1675720710
137,narsaq,60.9167,-46.05,5.22,66,32,8.57,GL,1675720211
138,east london,-33.0153,27.9116,75.18,85,4,16.93,ZA,1675720711
139,rawson,-43.3002,-65.1023,76.17,40,40,24.32,AR,1675720456
140,livingston,55.9029,-3.5226,44.8,82,0,12.66,GB,1675720711
141,kavieng,-2.5744,150.7967,82.04,79,98,10.31,PG,1675720173
142,poykovskiy,61.2333,73.3333,-1.91,84,40,2.24,RU,1675720712
143,yar-sale,66.8333,70.8333,-12.33,100,90,5.28,RU,1675720269
144,saint-augustin,51.226,-58.6502,-2.51,87,86,5.53,CA,1675720378
145,yellowknife,62.456,-114.3525,-8.88,70,75,4.61,CA,1675720647
146,tiksi,71.6872,128.8694,-32.12,100,89,4.88,RU,1675720182
147,port alfred,-33.5906,26.891,74.88,90,100,14.74,ZA,1675720500
148,port augusta,-32.5,137.7667,76.15,34,0,7.56,AU,1675720438
149,lubao,14.9167,120.55,78.51,88,85,5.39,PH,1675720715
150,jamestown,42.097,-79.2353,31.01,93,100,5.75,US,1675720429
151,leo,11.1,-2.1,80.13,15,100,4.0,BF,1675720715
152,olafsvik,64.8945,-23.7142,31.86,56,100,39.12,IS,1675720716
153,ruza,55.699,36.1952,7.38,99,81,3.11,RU,1675720717
154,aldan,58.6031,125.3894,-41.37,95,44,4.5,RU,1675720717
155,airai,-8.9266,125.4092,60.01,91,78,2.26,TL,1675720718
156,jijiga,9.35,42.8,60.12,17,19,6.98,ET,1675720718
157,haljala,59.4336,26.2614,22.21,95,81,3.24,EE,1675720719
158,asfi,32.2994,-9.2372,56.16,73,0,3.42,MA,1675720719
159,klaksvik,62.2266,-6.589,43.72,69,100,28.66,FO,1675720720
160,hasaki,35.7333,140.8333,43.21,57,100,2.46,JP,1675720720
161,san cristobal,7.7669,-72.225,78.98,49,71,4.47,VE,1675720607
162,bathsheba,13.2167,-59.5167,81.21,65,20,18.41,BB,1675720721
163,codrington,-38.2667,141.9667,62.76,70,55,9.91,AU,1675720721
164,novopokrovka,49.8425,36.5477,22.24,89,93,10.69,UA,1675720722
165,haines junction,60.7522,-137.5108,37.35,32,82,2.3,CA,1675720723
166,rundu,-17.9333,19.7667,66.18,95,100,2.89,NA,1675720724
167,chemax,20.65,-87.9333,72.32,93,79,3.42,MX,1675720725
168,bengkulu,-3.8004,102.2655,75.49,84,86,6.29,ID,1675720725
169,katsuura,35.1333,140.3,49.46,70,100,8.48,JP,1675720726
170,tobol,52.6844,62.5794,1.42,97,91,5.48,KZ,1675720726
171,cockburn town,21.4612,-71.1419,80.56,65,40,12.66,TC,1675720427
172,saint anthony,45.0205,-93.218,36.55,79,100,14.97,US,1675720593
173,chokurdakh,70.6333,147.9167,-25.38,99,100,2.35,RU,1675720665
174,saint-joseph,-21.3667,55.6167,75.58,83,79,10.71,RE,1675720728
175,padre bernardo,-15.35,-48.5,73.47,80,34,0.76,BR,1675720729
176,grand gaube,-20.0064,57.6608,79.2,81,77,5.99,MU,1675720730
177,aklavik,68.2191,-135.0107,-29.2,68,75,2.3,CA,1675720731
178,mount darwin,-16.7725,31.5838,65.64,95,4,1.32,ZW,1675720731
179,port lincoln,-34.7333,135.8667,65.01,78,0,15.61,AU,1675720732
180,waitati,-45.75,170.5667,70.88,42,0,6.69,NZ,1675720732
181,yerbogachen,61.2767,108.0108,-15.05,100,96,2.57,RU,1675720733
182,talnakh,69.4865,88.3972,-7.8,99,100,5.26,RU,1675720734
183,manokwari,-0.8667,134.0833,77.04,87,100,5.26,ID,1675720734
184,liuzhou,24.3126,109.3892,54.7,91,100,4.74,CN,1675720735
185,port blair,11.6667,92.75,77.47,82,27,5.19,IN,1675720735
186,koshurnikovo,54.1667,93.3,-15.25,100,85,3.4,RU,1675720736
187,la ronge,55.1001,-105.2842,16.05,62,100,23.02,CA,1675720606
188,pottstown,40.2454,-75.6496,44.35,63,35,8.01,US,1675720737
189,correntina,-13.3433,-44.6367,74.82,72,41,1.77,BR,1675720737
190,lavrentiya,65.5833,-171.0,-14.39,90,100,3.98,RU,1675720738
191,labu-o,7.1142,125.0453,72.45,87,98,2.06,PH,1675720738
192,ilulissat,69.2167,-51.1,-7.2,98,100,4.27,GL,1675720740
193,victoriaville,46.0501,-71.9658,12.24,94,94,3.06,CA,1675720549
194,saldanha,-33.0117,17.9442,66.25,97,76,15.86,ZA,1675720609
195,constitucion,-35.3333,-72.4167,68.02,65,23,13.73,CL,1675720741
196,alice springs,-23.7,133.8833,69.35,52,4,6.91,AU,1675720494
197,itarema,-2.9248,-39.9167,78.93,79,100,10.25,BR,1675720240
198,mackenzie,55.2999,-123.1698,37.62,75,100,19.57,CA,1675720742
199,warrington,53.3925,-2.5802,39.97,85,0,3.44,GB,1675720742
200,namtsy,62.7161,129.6658,-48.77,100,96,2.46,RU,1675720743
201,carballo,43.213,-8.691,47.86,72,0,5.03,ES,1675720743
202,okha,53.5739,142.9478,-20.09,100,68,7.96,RU,1675720744
203,ponta delgada,37.7333,-25.6667,57.92,88,75,16.11,PT,1675720744
204,buraydah,26.326,43.975,61.25,39,100,7.05,SA,1675720745
205,port elizabeth,-33.918,25.5701,74.1,97,20,4.61,ZA,1675720745
206,tyumentsevo,53.3224,81.498,11.03,95,99,9.1,RU,1675720746
207,manubul,5.4732,120.7986,80.91,73,35,2.39,PH,1675720746
208,gao,16.6362,1.637,79.84,11,96,9.48,ML,1675720747
209,matara,5.9485,80.5353,75.24,89,100,2.84,LK,1675720747
210,comodoro rivadavia,-45.8667,-67.5,71.46,43,0,13.8,AR,1675720748
211,majene,-3.5403,118.9707,76.66,77,100,5.28,ID,1675720749
212,yumen,40.2833,97.2,25.0,46,79,8.3,CN,1675720749
213,kyabe,9.4515,18.9449,81.34,12,63,5.66,TD,1675720750
214,petropavlovsk-kamchatskiy,53.0452,158.6483,3.79,72,75,6.71,RU,1675720543
215,sidi ali,36.0998,0.4206,48.07,83,0,9.91,DZ,1675720754
216,hamilton,39.1834,-84.5333,49.75,51,0,4.0,US,1675720734
217,morondava,-20.2833,44.2833,77.86,83,100,5.91,MG,1675720739
218,sisimiut,66.9395,-53.6735,-3.59,92,100,5.68,GL,1675720755
219,saverne,48.8333,7.25,34.3,88,23,8.41,FR,1675720756
220,camacha,33.0833,-16.3333,56.62,51,75,19.57,PT,1675720756
221,houma,29.5958,-90.7195,71.6,61,1,11.45,US,1675720757
222,dunedin,-45.8742,170.5036,69.21,47,3,6.13,NZ,1675720757
223,souillac,-20.5167,57.5167,79.18,89,75,11.5,MU,1675720758
224,waycross,31.2136,-82.354,71.85,30,0,3.44,US,1675720759
225,victoria,22.2855,114.1577,68.95,90,99,5.01,HK,1675720760
226,necochea,-38.5473,-58.7368,66.88,53,23,17.94,AR,1675720760
227,vilhena,-12.7406,-60.1458,73.62,88,20,10.36,BR,1675720761
228,morgaushi,55.9643,46.7743,6.96,100,100,3.94,RU,1675720761
229,fomboni,-12.28,43.7425,82.49,77,100,13.38,KM,1675720762
230,beloha,-25.1667,45.05,73.81,85,100,11.1,MG,1675720534
231,hualmay,-11.0964,-77.6139,75.92,76,55,7.72,PE,1675720601
232,alzamay,55.5562,98.6644,-11.25,100,86,2.26,RU,1675720763
233,abu road,24.4833,72.7833,63.72,49,0,2.66,IN,1675720764
234,moose factory,51.2585,-80.6094,15.8,62,20,13.8,CA,1675720764
235,acapulco,16.8634,-99.8901,83.23,60,0,10.2,MX,1675720724
236,chinchani,19.8667,72.7,69.93,73,0,5.84,IN,1675720766
237,ambulu,-8.345,113.6058,75.18,92,100,4.97,ID,1675720767
238,kichera,55.9375,110.0997,6.58,97,100,1.92,RU,1675720768
239,lianran,24.9227,102.485,48.74,44,1,2.37,CN,1675720769
240,ayan,56.45,138.1667,-17.88,80,27,9.04,RU,1675720769
241,castro,-24.7911,-50.0119,70.25,63,48,1.54,BR,1675720771
242,bandarbeyla,9.4942,50.8122,74.79,76,77,12.97,SO,1675720692
243,chaozhou,23.6651,116.6379,62.46,93,17,1.45,CN,1675720774
244,svetlaya,46.5389,138.3297,7.12,78,0,5.93,RU,1675720775
245,bahia blanca,-38.7196,-62.2724,84.72,54,40,10.36,AR,1675720775
246,puerto madero,14.7208,-92.4215,86.2,66,0,9.22,MX,1675720776
247,provideniya,64.3833,-173.3,-0.29,71,75,8.95,RU,1675720275
248,madison,34.7334,-86.5667,64.78,31,0,3.44,US,1675720778
249,ushtobe,45.2514,77.9838,29.79,90,100,3.51,KZ,1675720779
250,port macquarie,-31.4333,152.9167,77.9,70,48,2.19,AU,1675720780
251,weligama,5.9667,80.4167,75.6,88,100,2.59,LK,1675720780
252,constantine,36.365,6.6147,45.81,87,75,4.61,DZ,1675720781
253,norman wells,65.282,-126.8329,-14.76,76,75,5.75,CA,1675720630
254,yenagoa,4.9247,6.2642,79.57,82,29,5.44,NG,1675720782
255,arlit,18.7369,7.3853,73.02,13,100,8.95,NE,1675720782
256,zabol,32.25,67.25,33.1,65,4,1.14,AF,1675720783
257,derzhavinsk,51.1,66.3167,4.19,96,92,7.38,KZ,1675720306
258,nikolskoye,59.7035,30.7861,28.29,98,93,3.56,RU,1675720199
259,yangcun,39.3639,117.0603,19.38,66,0,5.41,CN,1675720784
260,kingaroy,-26.5333,151.8333,71.35,68,71,10.51,AU,1675720785
261,tabou,4.423,-7.3528,79.52,82,100,9.22,CI,1675720785
262,chyhyryn,49.0838,32.6555,25.12,81,100,12.26,UA,1675720786
263,santa cruz de la palma,28.6835,-17.7642,62.74,63,0,17.27,ES,1675720786
264,svetlogorsk,52.6333,29.7333,25.84,97,100,6.44,BY,1675720787
265,oranjemund,-28.55,16.4333,65.61,96,78,8.52,NA,1675720788
266,hithadhoo,-0.6,73.0833,81.18,71,72,12.28,MV,1675720789
267,tuatapere,-46.1333,167.6833,58.6,87,94,8.63,NZ,1675720200
268,makati,14.5569,121.0235,76.82,88,40,2.3,PH,1675720789
269,atar,20.5169,-13.0499,64.22,24,0,8.95,MR,1675720406
270,ravar,31.2656,56.8055,52.12,34,54,4.25,IR,1675720598
271,ayagoz,47.9714,80.4392,22.46,97,98,7.25,KZ,1675720791
272,faanui,-16.4833,-151.75,81.25,75,8,16.04,PF,1675720791
273,ormara,25.2088,64.6357,70.79,59,3,10.31,PK,1675720792
274,bilibino,68.0546,166.4372,-36.44,100,99,1.16,RU,1675720793
275,solnechnyy,50.7214,136.6319,-7.83,98,100,3.04,RU,1675720793
276,palmer,42.1584,-72.3287,42.51,58,75,18.41,US,1675720794
277,bali chak,22.3667,87.55,64.15,89,11,4.7,IN,1675720795
278,tres lagoas,-20.7511,-51.6783,77.02,81,96,3.76,BR,1675720796
279,lagoa,39.05,-27.9833,55.49,72,100,26.84,PT,1675720290
280,jaen,38.0,-3.5,44.92,69,2,5.77,ES,1675720796
281,deniliquin,-35.5333,144.9667,65.61,53,0,10.71,AU,1675720797
282,sorland,67.667,12.6934,46.26,88,100,42.26,NO,1675720518
283,san patricio,28.017,-97.5169,79.18,59,12,20.76,US,1675720801
284,viedma,-40.8135,-62.9967,73.45,33,22,16.4,AR,1675720268
285,mega,4.05,38.3,62.64,35,9,6.29,ET,1675720805
286,dubai,25.2582,55.3047,67.93,83,100,5.75,AE,1675720702
287,puerto narino,-3.7703,-70.3831,77.86,95,88,1.66,CO,1675720581
288,reconquista,-29.15,-59.65,97.74,13,0,4.85,AR,1675720807
289,bonthe,7.5264,-12.505,76.98,76,99,8.21,SL,1675720808
290,uvat,59.1433,68.8953,7.75,97,99,3.67,RU,1675720809
291,khor,47.8861,134.9464,0.59,98,100,4.63,RU,1675720810
292,worthington,40.0931,-83.018,38.08,73,75,10.36,US,1675720753
293,mitla,16.9167,-96.4,74.3,35,18,8.12,MX,1675720811
294,mount isa,-20.7333,139.5,76.77,94,100,13.8,AU,1675720811
295,rawah,34.4816,41.9093,50.41,61,7,14.47,IQ,1675720813
296,jodhpur,26.2867,73.03,63.14,31,0,6.17,IN,1675720552
297,yulara,-25.2406,130.9889,75.04,23,0,5.91,AU,1675720814
298,cabo san lucas,22.8909,-109.9124,81.61,56,40,1.99,MX,1675720534
299,veraval,20.9,70.3667,68.47,72,2,9.28,IN,1675720815
300,wawa,9.9022,4.4192,85.8,18,100,3.09,NG,1675720815
301,asyut,27.181,31.1837,48.38,39,77,7.52,EG,1675720817
302,los llanos de aridane,28.6585,-17.9182,58.75,75,0,17.27,ES,1675720639
303,mariental,-24.6333,17.9667,78.94,45,100,9.95,NA,1675720819
304,calama,-22.4667,-68.9333,70.29,43,75,21.85,CL,1675720819
305,lodhran,29.5405,71.6336,56.75,53,0,8.28,PK,1675720820
306,cherskiy,68.75,161.3,-37.73,100,100,5.48,RU,1675720243
307,kalmunai,7.4167,81.8167,76.03,86,52,6.62,LK,1675720821
308,murmashi,68.8154,32.8115,28.81,100,75,4.47,RU,1675720822
309,oeiras do para,-2.0031,-49.8544,76.28,91,71,3.13,BR,1675720824
310,ancud,-41.8697,-73.8203,62.06,67,0,3.62,CL,1675720380
311,sarakhs,36.5449,61.1577,49.5,38,57,10.16,IR,1675720828
312,pundaguitan,6.3711,126.1689,78.15,86,100,18.72,PH,1675720829
313,salalah,17.0151,54.0924,71.69,56,0,4.61,OM,1675720247
314,alta floresta,-9.8756,-56.0861,75.31,93,91,2.33,BR,1675720831
315,paita,-5.0892,-81.1144,79.75,68,48,13.76,PE,1675720831
316,horadiz,39.4488,47.3353,39.97,90,100,1.5,AZ,1675720832
317,karaton,-6.3424,106.1045,74.32,88,100,4.18,ID,1675720833
318,clearwater,27.9659,-82.8001,80.11,66,0,8.05,US,1675720383
319,pangnirtung,66.1451,-65.7125,-27.4,68,20,0.0,CA,1675720835
320,lar,26.2039,83.9717,53.91,59,0,3.58,IN,1675720835
321,hobyo,5.3505,48.5268,76.32,79,68,17.58,SO,1675720836
322,tretten,61.3142,10.3007,19.17,97,98,1.95,NO,1675720838
323,the valley,18.217,-63.0578,78.94,73,20,14.97,AI,1675720840
324,mahibadhoo,3.7833,72.9667,80.42,76,100,8.37,MV,1675720840
325,pulandian,39.3953,121.9669,28.27,38,73,4.94,CN,1675720841
326,shache,38.4167,77.2406,29.66,62,100,4.41,CN,1675720843
327,sharjah,25.3573,55.4033,67.98,88,95,5.75,AE,1675720847
328,fairbanks,64.8378,-147.7164,7.09,78,40,0.0,US,1675720840
329,nantucket,41.2835,-70.0995,43.0,81,100,34.23,US,1675720848
330,tecoanapa,16.5167,-98.75,83.97,57,2,9.24,MX,1675720848
331,port-gentil,-0.7193,8.7815,80.56,89,20,8.05,GA,1675720849
332,guanare,9.0418,-69.7421,92.14,29,55,4.41,VE,1675720850
333,terrace,54.5163,-128.6035,33.71,93,100,3.44,CA,1675720849
334,kletskaya,49.3145,43.0584,12.9,92,94,10.0,RU,1675720850
335,sangin,32.0728,64.8359,48.69,39,15,8.93,AF,1675720851
336,paamiut,61.994,-49.6678,10.9,91,100,3.56,GL,1675720852
337,palasa,18.7667,84.4167,65.14,77,0,5.28,IN,1675720852
338,puerto lempira,15.2667,-83.7667,84.34,74,40,11.5,HN,1675720853
339,berberati,4.2612,15.7922,71.82,23,57,1.39,CF,1675720853
340,broome,42.2506,-75.833,33.85,80,84,5.01,US,1675720854
341,salto,-31.3833,-57.9667,91.56,33,0,9.22,UY,1675720855
342,mglin,53.0591,32.8475,15.64,98,95,3.36,RU,1675720856
343,shatrovo,56.5167,64.6333,-3.95,100,98,4.63,RU,1675720858
344,odweyne,9.4092,45.064,66.02,48,45,0.96,SO,1675720858
345,westport,41.1415,-73.3579,46.89,62,59,11.99,US,1675720581
346,bandar-e lengeh,26.5579,54.8807,64.51,88,16,0.0,IR,1675720859
347,verkhnyaya inta,65.9811,60.3094,-1.05,98,99,6.53,RU,1675720860
348,kang,-23.6752,22.7876,73.09,63,53,4.97,BW,1675720861
349,merano,46.6682,11.1595,36.75,93,99,2.48,IT,1675720861
350,manta,-0.95,-80.7333,82.18,74,40,8.05,EC,1675720865
351,leshukonskoye,64.8989,45.7622,-0.18,99,86,4.92,RU,1675720868
352,zhuhai,22.2769,113.5678,67.86,94,40,2.3,CN,1675720812
353,sinjai,-5.1241,120.253,74.71,79,98,3.98,ID,1675720882
354,evans,33.5337,-82.1307,66.58,36,0,2.64,US,1675720886
355,ugoofaaru,5.6667,73.0,80.28,76,100,8.75,MV,1675720888
356,verkhnevilyuysk,63.4453,120.3167,-39.15,99,98,0.67,RU,1675720889
357,preston,53.7667,-2.7167,41.9,88,42,4.45,GB,1675720891
358,komsomolskiy,40.4272,71.7189,34.52,93,52,4.61,UZ,1675720892
359,pangai,-19.8,-174.35,75.31,83,75,6.91,TO,1675720893
360,ostrovnoy,68.0531,39.5131,20.82,88,100,24.2,RU,1675720893
361,moron,-34.6534,-58.6198,91.94,38,0,8.3,AR,1675720894
362,korla,41.7597,86.1469,31.64,60,100,0.85,CN,1675720895
363,longyearbyen,78.2186,15.6401,26.44,93,100,25.32,SJ,1675720668
364,kahului,20.8947,-156.47,80.96,82,16,11.99,US,1675720896
365,balabac,7.9868,117.0645,79.09,83,88,8.5,PH,1675720897
366,la libertad,-2.2333,-80.9,83.86,65,0,8.05,EC,1675720898
367,niamey,13.5137,2.1098,86.29,10,100,4.61,NE,1675720815
368,ellisras,-23.6649,27.7443,76.42,47,37,5.12,ZA,1675720899
369,charters towers,-20.1,146.2667,79.14,77,80,10.56,AU,1675720900
370,port hawkesbury,45.6169,-61.3485,34.88,97,100,11.01,CA,1675720708
371,horta,38.5333,-28.6333,57.02,75,40,20.71,PT,1675720601
372,esperance,-33.8667,121.9,67.01,91,2,14.52,AU,1675720541
373,akyab,20.15,92.9,63.82,55,5,8.95,MM,1675720901
374,amapa,1.0,-52.0,73.24,97,97,3.62,BR,1675720828
375,rio grande,-32.035,-52.0986,87.91,69,0,10.31,BR,1675720902
376,nurota,40.5614,65.6886,39.58,67,49,5.17,UZ,1675720903
377,brae,60.3964,-1.353,47.28,80,98,24.63,GB,1675720904
378,nanortalik,60.1432,-45.2371,7.41,84,94,14.5,GL,1675720905
379,pangody,65.85,74.4859,-18.08,100,100,5.61,RU,1675720906
380,dabakala,8.3667,-4.4333,85.46,32,37,3.71,CI,1675720906
381,wad rawah,15.1603,33.1397,74.64,12,56,16.44,SD,1675720907
382,chapais,49.7834,-74.8492,4.78,94,28,3.78,CA,1675720907
383,belmonte,-15.8631,-38.8828,79.48,80,0,11.03,BR,1675720909
384,tanabe,33.7333,135.3667,45.64,49,93,7.36,JP,1675720909
385,dingle,10.9995,122.6711,74.17,91,100,7.31,PH,1675720910
386,killybegs,54.6333,-8.45,46.85,86,99,13.44,IE,1675720911
387,vysokogornyy,50.1167,139.15,-16.06,100,100,1.25,RU,1675720912
388,negombo,7.2083,79.8358,77.05,88,40,3.44,LK,1675720870
389,olinda,-8.0089,-34.8553,78.53,83,75,0.0,BR,1675720913
390,torbat-e jam,35.244,60.6225,44.8,38,93,4.56,IR,1675720914
391,sterling,39.0062,-77.4286,47.91,56,75,16.11,US,1675720908
392,sept-iles,50.2001,-66.3821,14.0,67,20,8.05,CA,1675720914
393,garowe,8.4054,48.4845,68.14,76,52,12.33,SO,1675720915
394,kenai,60.5544,-151.2583,31.08,96,100,14.97,US,1675720916
395,bethanien,-26.502,17.1583,75.2,41,35,8.68,NA,1675720916
396,pacific grove,36.6177,-121.9166,58.41,63,0,8.05,US,1675720572
397,ust-nera,64.5667,143.2,-39.71,100,100,1.36,RU,1675720917
398,ilhabela,-23.7781,-45.3581,77.77,87,93,4.88,BR,1675720917
399,perth,-31.9333,115.8333,65.01,96,75,8.05,AU,1675720802
400,havoysund,70.9963,24.6622,39.43,96,100,32.64,NO,1675720578
401,labuan,5.2767,115.2417,79.16,83,20,3.44,MY,1675720919
402,poum,-20.2333,164.0167,81.34,83,92,15.12,NC,1675720919
403,lorengau,-2.0226,147.2712,77.45,95,100,11.36,PG,1675720920
404,halifax,44.6453,-63.5724,39.47,86,100,3.0,CA,1675720799
405,vieques,18.425,-65.8329,82.42,65,40,18.41,PR,1675720924
406,hay river,60.8156,-115.7999,-2.22,71,100,8.05,CA,1675720933
407,kearney,40.6995,-99.0815,42.71,70,0,14.97,US,1675720767
408,dudinka,69.4058,86.1778,-7.38,98,100,5.46,RU,1675720951
409,hailey,43.5196,-114.3153,34.88,63,0,8.05,US,1675720952
410,rantepao,-2.9701,119.8978,65.17,94,96,3.2,ID,1675720953
411,erenhot,43.6475,111.9767,16.27,94,93,7.31,CN,1675720954
412,scarborough,54.2797,-0.4044,38.34,85,54,1.01,GB,1675720955
413,mananjary,-21.2167,48.3333,72.79,94,100,3.36,MG,1675720956
414,pak phanang,8.3511,100.202,75.9,83,99,2.42,TH,1675720956
415,itaueira,-7.6033,-43.0256,79.07,64,100,0.78,BR,1675720957
416,ajdabiya,30.7554,20.2263,54.37,57,100,11.81,LY,1675720958
417,acajutla,13.5928,-89.8275,84.97,49,0,7.0,SV,1675720958
418,misratah,32.3754,15.0925,53.85,54,75,5.61,LY,1675720959
419,uinskoye,56.8817,56.5813,7.97,98,98,3.4,RU,1675720961
420,assiniboia,49.6334,-105.9845,31.82,59,7,17.27,CA,1675720839
421,am timan,11.0297,20.2827,79.07,11,82,7.47,TD,1675720962
422,luderitz,-26.6481,15.1594,64.54,92,8,13.65,NA,1675720963
423,kirakira,-10.4544,161.9205,82.13,81,100,11.27,SB,1675720963
424,axim,4.8699,-2.2405,79.41,88,95,9.53,GH,1675720964
425,isla mujeres,21.2311,-86.731,77.16,77,22,8.28,MX,1675720964
426,smithers,54.7804,-127.1743,39.52,87,100,12.66,CA,1675720844
427,gdov,58.7406,27.8122,18.59,99,59,3.98,RU,1675720966
428,huarmey,-10.0681,-78.1522,76.12,75,54,8.39,PE,1675720967
429,lucelia,-21.7203,-51.0189,77.05,72,67,5.21,BR,1675720967
430,jalu,29.0331,21.5482,50.85,52,79,8.21,LY,1675720968
431,harnosand,62.6323,17.9379,21.2,85,99,6.42,SE,1675720969
432,hammerfest,70.6634,23.6821,41.45,100,75,14.97,NO,1675720844
433,zilupe,56.3862,28.1217,28.56,93,99,5.95,LV,1675720970
434,bilma,18.6853,12.9164,65.03,16,22,8.79,NE,1675720705
435,omsukchan,62.5333,155.8,-38.2,100,94,4.36,RU,1675720971
436,delta del tigre,-34.7633,-56.3853,86.41,42,0,11.5,UY,1675720972
437,san antonio,29.4241,-98.4936,77.9,56,40,18.41,US,1675720974
438,lempaala,61.3167,23.75,27.41,93,0,4.61,FI,1675720975
439,vestmannaeyjar,63.4427,-20.2734,36.01,55,100,32.41,IS,1675720517
440,coahuayana,18.7333,-103.6833,85.19,53,0,7.11,MX,1675720977
441,sayyan,15.1718,44.3244,55.67,36,97,1.74,YE,1675720978
442,kingman,35.1894,-114.053,54.88,29,0,10.0,US,1675720843
443,dongsheng,39.8161,109.9776,22.73,45,0,7.58,CN,1675720978
444,meulaboh,4.1363,96.1285,74.66,83,100,4.27,ID,1675720979
445,port hedland,-20.3167,118.5667,80.65,94,13,4.61,AU,1675720732
446,valley city,46.9233,-98.0032,34.32,100,75,19.57,US,1675720980
447,natal,-5.795,-35.2094,79.45,83,75,8.05,BR,1675720980
448,graham,47.0529,-122.2943,48.65,82,100,16.11,US,1675720982
449,jipijapa,-1.3333,-80.5833,78.3,67,90,6.06,EC,1675720983
450,visby,57.6409,18.296,26.82,100,25,4.61,SE,1675720752
451,safranbolu,41.2508,32.6942,31.23,88,100,6.22,TR,1675720984
452,buala,-8.145,159.5921,81.46,80,93,8.52,SB,1675720984
453,coihaique,-45.5752,-72.0662,66.15,42,0,10.36,CL,1675720712
454,penon blanco,24.7897,-104.0369,83.17,9,7,13.09,MX,1675720986
455,yanam,16.7333,82.2167,63.68,95,99,1.21,IN,1675720986
456,rognan,67.0953,15.3878,46.54,99,100,6.71,NO,1675720988
457,mount gambier,-37.8333,140.7667,61.54,71,9,6.85,AU,1675720989
458,makungu,-8.7333,35.2833,62.91,93,100,3.8,TZ,1675720989
459,quzhou,28.9594,118.8686,52.05,98,100,0.96,CN,1675720836
460,uvarovo,51.9849,42.2615,5.74,95,98,6.13,RU,1675720990
461,taft,31.7471,54.2088,46.35,40,40,4.61,IR,1675720992
462,posse,-14.0931,-46.3694,70.09,89,100,2.64,BR,1675720992
463,zhangjiakou,40.81,114.8794,22.06,53,30,2.1,CN,1675720993
464,lanzhou,36.0564,103.7922,34.09,42,100,1.57,CN,1675720892
465,lambarene,-0.7001,10.2406,77.79,88,63,4.85,GA,1675720994
466,pevek,69.7008,170.3133,-34.01,100,100,3.87,RU,1675720994
467,myitkyina,25.3833,97.4,55.42,55,1,2.19,MM,1675720995
468,sao joao da barra,-21.6403,-41.0511,80.69,92,98,2.28,BR,1675720996
469,bereda,43.2686,-7.5406,36.14,100,2,5.26,ES,1675720834
470,tlaxco,19.6167,-98.1167,66.6,16,0,1.03,MX,1675720997
471,otjimbingwe,-22.35,16.1333,70.32,65,47,7.07,NA,1675720998
472,sambava,-14.2667,50.1667,75.31,88,99,4.79,MG,1675720999
473,izhma,65.0083,53.9113,-16.26,100,97,3.98,RU,1675721000
474,ruwi,23.5996,58.5507,67.69,57,76,2.64,OM,1675721002
475,mwinilunga,-11.7358,24.4293,60.33,97,100,4.12,ZM,1675721003
476,shakawe,-18.3667,21.85,67.77,94,100,5.1,BW,1675721004
477,bucerias,20.75,-105.3333,81.57,46,0,9.15,MX,1675720739
478,nago,26.5881,127.9761,66.63,89,48,9.42,JP,1675721005
479,sao raimundo das mangabeiras,-7.0219,-45.4811,79.65,70,100,5.28,BR,1675721005
480,wolgast,54.05,13.7667,27.86,100,6,6.64,DE,1675721006
481,mobaye,4.319,21.1786,75.42,26,45,2.51,CF,1675721007
482,nemuro,43.3236,145.575,24.26,91,100,11.41,JP,1675721007
483,dumai,1.6833,101.45,74.98,95,100,2.37,ID,1675720848
484,kurilsk,45.2333,147.8833,20.97,60,99,15.75,RU,1675721010
485,vetluzhskiy,58.3902,45.4654,-2.47,100,100,0.87,RU,1675721010
486,biltine,14.5333,20.9167,73.85,13,90,11.52,TD,1675721013
487,blackwater,-23.5833,148.8833,78.01,73,78,12.28,AU,1675721013
488,benghazi,32.1167,20.0667,54.54,59,100,17.36,LY,1675721014
489,champerico,14.3,-91.9167,91.94,60,0,10.36,GT,1675721016
490,vulcan,45.3833,23.2667,10.87,86,10,3.33,RO,1675721017
491,zhaotong,27.3167,103.7167,40.89,83,93,6.4,CN,1675721017
492,asau,46.4333,26.4,22.28,93,75,4.76,RO,1675720859
493,iralaya,15.0,-83.2333,77.68,82,4,11.86,HN,1675721018
494,ahuimanu,21.4447,-157.8378,82.11,74,40,23.02,US,1675721019
495,udomlya,57.8794,34.9925,12.38,98,99,4.54,RU,1675721020
496,sirjan,29.452,55.6814,46.74,41,34,8.34,IR,1675721020
497,bam,29.106,58.357,57.78,34,5,5.46,IR,1675721021
498,auki,-8.7676,160.7034,79.56,82,100,4.61,SB,1675721021
499,tevriz,57.509,72.4042,-0.53,99,98,1.79,RU,1675721022
500,hun,29.1268,15.9477,50.0,52,39,8.19,LY,1675721023
501,praia da vitoria,38.7333,-27.0667,55.76,88,75,26.42,PT,1675721023
502,mende,44.6667,3.5,24.82,90,71,7.0,FR,1675721024
503,monster,52.0258,4.175,37.96,90,20,1.14,NL,1675721024
504,ixtapa,20.7,-105.2,86.2,33,1,8.1,MX,1675720837
505,padang,-0.9492,100.3543,73.45,80,99,3.51,ID,1675720829
506,nuevo casas grandes,30.4167,-107.9167,68.5,8,2,30.96,MX,1675721026
507,yangjiang,21.85,111.9667,64.62,95,77,3.74,CN,1675721026
508,cortes,41.9395,-1.4396,42.85,72,9,8.23,ES,1675721027
509,maham,28.9833,76.3,58.41,55,0,5.23,IN,1675721027
510,tura,25.5198,90.2201,56.84,53,0,3.15,IN,1675721028
511,biak,-0.9131,122.8766,76.1,81,100,2.55,ID,1675721028
512,denpasar,-8.65,115.2167,80.26,88,75,21.85,ID,1675720815
513,gamba,-2.65,10.0,78.76,83,93,4.68,GA,1675720738
514,guymon,36.6828,-101.4816,60.8,21,0,27.63,US,1675720732
515,bongandanga,1.5,21.05,79.14,41,84,2.13,CD,1675721029
516,hazorasp,41.3194,61.0742,31.84,65,99,11.52,UZ,1675720826
517,hambantota,6.1241,81.1185,75.54,100,75,0.0,LK,1675721031
518,paracuru,-3.41,-39.0306,82.11,86,60,8.01,BR,1675721031
519,buta,2.7858,24.73,72.37,51,12,2.35,CD,1675721031
520,madimba,-10.4,40.3333,81.72,83,75,10.36,TZ,1675721032
521,lithakia,37.7167,20.8333,38.57,59,100,9.28,GR,1675721032
522,eslamshahr,35.5605,51.2346,47.64,44,75,9.22,IR,1675721033
523,cadillac,44.2519,-85.4012,27.79,74,0,6.91,US,1675720858
524,anadyr,64.75,177.4833,-14.01,75,100,8.95,RU,1675721034
525,roma,43.2128,-75.4557,35.51,72,0,5.75,US,1675720924
526,rubiataba,-15.1644,-49.8033,73.65,82,59,2.75,BR,1675720888
527,jardim,-21.4803,-56.1381,73.47,91,93,6.93,BR,1675721035
528,zlatibor,43.7168,19.7,2.32,98,95,1.88,RS,1675721036
529,tres arroyos,-38.3739,-60.2798,76.24,42,36,18.9,AR,1675721036
530,takoradi,4.8845,-1.7554,79.72,86,82,11.41,GH,1675721037
531,marsh harbour,26.5412,-77.0636,72.37,67,0,17.16,BS,1675721038
532,vila velha,-20.3297,-40.2925,80.55,81,0,6.91,BR,1675720847
533,carsamba,41.1989,36.7219,43.7,81,75,25.32,TR,1675721039
534,sola,-13.8833,167.55,79.47,94,100,0.0,VU,1675721040
535,zeya,53.75,127.2667,-26.19,86,9,5.44,RU,1675721040
536,shenkursk,62.1091,42.896,6.01,96,91,5.61,RU,1675721041
537,usogorsk,63.4106,48.6872,-5.17,100,100,4.05,RU,1675721041
538,japura,-0.3167,102.35,73.8,94,100,2.73,ID,1675721042
539,naze,28.3667,129.4833,63.52,86,17,12.64,JP,1675721045
540,jacksonville,30.3322,-81.6556,69.04,53,0,11.5,US,1675720811
541,povenets,62.8487,34.8262,1.63,100,99,1.68,RU,1675721050
542,rocha,-34.4833,-54.3333,75.49,71,4,8.12,UY,1675721053
543,opuwo,-18.0607,13.84,68.45,43,93,6.93,NA,1675721057
544,sinnamary,5.3833,-52.95,76.21,89,80,13.22,GF,1675720874
545,half moon bay,37.4636,-122.4286,62.42,58,0,17.27,US,1675721061
546,dwarka,22.2394,68.9678,68.88,84,3,9.19,IN,1675721064
547,shumikha,55.2261,63.2961,3.22,99,97,3.78,RU,1675721065
548,kwinana,-32.25,115.7667,65.16,86,0,1.99,AU,1675720908
549,ketchikan,55.3422,-131.6461,45.07,65,40,4.61,US,1675721067
550,russell,32.3502,-85.1999,70.88,24,0,3.44,US,1675720844
551,kruisfontein,-34.0033,24.7314,70.59,89,88,1.28,ZA,1675721070
552,ozinki,51.1786,49.6769,4.41,91,70,6.69,RU,1675721071
553,vanderhoof,54.0166,-124.0198,38.01,86,69,10.67,CA,1675720849
554,muisne,0.6,-80.0333,80.11,77,30,9.15,EC,1675721072
555,hilton head island,32.2163,-80.7526,68.11,57,0,3.44,US,1675721073
556,rancho palos verdes,33.7445,-118.387,71.78,52,0,10.0,US,1675721074
557,harper,4.375,-7.7169,79.83,80,100,9.6,LR,1675721074
558,yongan,39.6957,113.6871,26.13,50,3,3.44,CN,1675721075
559,vardo,70.3705,31.1107,33.78,93,100,24.16,NO,1675721075
560,tazovskiy,67.4667,78.7,-14.58,100,97,3.8,RU,1675721076
561,aksu,41.1231,80.2644,25.72,79,98,2.89,CN,1675721076
562,udachnyy,66.4167,112.4,-33.56,73,100,2.51,RU,1675721077
563,nisia floresta,-6.0911,-35.2086,79.61,80,28,8.43,BR,1675721077
564,challans,46.8436,-1.8749,39.4,84,2,10.83,FR,1675721078
565,seoul,37.5683,126.9778,31.44,93,20,3.44,KR,1675720881
566,nimbahera,24.6167,74.6833,59.54,54,0,4.97,IN,1675721079
567,noumea,-22.2763,166.4572,85.98,77,73,10.42,NC,1675721080
568,avera,33.194,-82.5271,66.38,45,0,1.77,US,1675721080
569,daru,-9.0763,143.2092,75.92,92,100,8.63,PG,1675721081
570,obidos,-1.9175,-55.5181,79.66,77,72,2.98,BR,1675721082
571,fortuna foothills,32.6578,-114.4119,69.85,18,0,27.63,US,1675721082
572,ocher,57.8904,54.7202,-6.18,100,99,4.61,RU,1675721083
573,baoshan,46.5586,131.4244,-2.88,98,18,6.02,CN,1675721084
574,korgen,66.0771,13.8153,44.73,100,100,8.9,NO,1675721084
575,leon,21.1167,-101.6667,78.24,11,3,5.64,MX,1675720803
576,nakskov,54.8373,11.1284,33.15,84,7,11.86,DK,1675721085
577,cairns,-16.9167,145.7667,78.75,97,75,8.05,AU,1675721086
578,shenjiamen,29.9576,122.298,48.38,95,100,11.63,CN,1675721086
579,saint-georges,12.0564,-61.7485,78.48,78,40,17.27,GD,1675721087
580,kotido,2.9806,34.1331,74.53,26,13,5.86,UG,1675721089
581,maridi,4.9158,29.4742,75.22,21,30,3.69,SS,1675721090
582,dakoro,14.5106,6.765,71.98,13,89,12.75,NE,1675721090
583,sitka,57.0531,-135.33,39.09,87,75,6.91,US,1675721091
584,general pico,-35.6566,-63.7568,99.99,14,0,12.39,AR,1675721092
585,gemena,3.25,19.7667,76.32,30,30,0.69,CD,1675721092
586,adrar,20.5022,-10.0711,63.21,23,44,9.42,MR,1675720803
587,kaspi,41.9252,44.4257,34.48,97,100,4.59,GE,1675721097
588,eirunepe,-6.6603,-69.8736,78.42,94,77,1.54,BR,1675721098
589,emmett,43.8735,-116.4993,48.09,59,45,5.01,US,1675720928
590,ovalle,-30.5983,-71.2003,82.49,44,0,9.44,CL,1675721098
591,waingapu,-9.6567,120.2641,77.18,88,79,7.07,ID,1675721099
592,matagami,49.7502,-77.6328,12.31,62,0,12.66,CA,1675721100
593,vila,42.0304,-8.1588,43.68,58,0,8.08,PT,1675721101
594,dalby,-27.1833,151.2667,73.98,63,81,4.0,AU,1675721105
595,carutapera,-1.195,-46.02,76.19,94,99,6.11,BR,1675721110
596,laranjeiras do sul,-25.4078,-52.4161,69.91,65,52,1.25,BR,1675721114
597,asosa,10.0667,34.5333,69.46,24,97,4.29,ET,1675721118
598,vao,-22.6667,167.4833,78.35,70,37,15.64,NC,1675721135
599,quatre cocos,-20.2078,57.7625,77.11,78,79,13.73,MU,1675721135
600,bonavista,48.6499,-53.1147,25.32,94,100,14.61,CA,1675721136
601,barra do garcas,-15.89,-52.2567,79.38,78,0,3.44,BR,1675721137
602,teknaf,20.8624,92.3058,62.46,58,19,6.49,BD,1675721138
603,taltal,-25.4,-70.4833,72.34,71,16,4.94,CL,1675721139
604,ailigandi,9.2333,-78.0167,79.43,83,61,10.78,PA,1675721140
605,foumban,5.7291,10.9001,69.4,24,49,3.44,CM,1675721141
606,oster,50.9506,30.8823,20.43,96,100,3.36,UA,1675721014
607,oxapampa,-10.5775,-75.4017,61.99,96,100,1.81,PE,1675721142
608,kalga,50.9251,118.898,-20.58,100,26,2.01,RU,1675721143
609,faya,18.3851,42.4509,55.51,58,98,3.62,SA,1675721144
610,saint-francois,46.4154,3.9054,38.64,70,100,6.91,FR,1675721145
611,watertown,42.3709,-71.1828,44.62,61,75,14.97,US,1675720993
612,muscatine,41.4667,-91.1335,53.78,51,0,18.41,US,1675721012
613,qui nhon,13.7667,109.2333,71.08,89,89,3.06,VN,1675721146
614,zaysan,47.4667,84.8667,13.87,78,94,5.64,KZ,1675721147
615,gigmoto,13.7796,124.39,76.71,89,68,7.92,PH,1675721147
616,kavaratti,10.5669,72.642,80.44,75,88,14.16,IN,1675721148
617,nhulunbuy,-12.2333,136.7667,77.61,88,91,3.44,AU,1675721149
618,adre,13.4667,22.2,71.51,14,100,15.17,TD,1675721149
619,mayumba,-3.432,10.6554,78.01,82,80,1.79,GA,1675721150
620,benguela,-12.5763,13.4055,76.12,80,92,6.17,AO,1675721152
621,trincomalee,8.5711,81.2335,77.88,83,43,12.26,LK,1675721152
622,maceio,-9.6658,-35.7353,76.44,94,40,4.61,BR,1675721153
623,roald,62.5833,6.1333,48.34,71,75,18.41,NO,1675721154
624,portland,45.5234,-122.6762,51.82,81,100,11.5,US,1675720630
625,ganzhou,28.8184,115.4327,50.58,93,95,3.11,CN,1675721156
626,yunhe,34.0833,119.7167,38.66,91,67,6.2,CN,1675721156
627,portoferraio,42.8115,10.3146,42.96,59,100,22.39,IT,1675721157
628,dejen,10.1667,38.1333,56.21,30,71,4.63,ET,1675721157
629,saint-pierre,-21.3393,55.4781,76.68,78,0,8.05,RE,1675720806
630,sakiai,54.9547,23.0358,28.06,96,78,5.7,LT,1675721158
631,vypolzovo,57.8767,33.6986,17.13,98,97,3.33,RU,1675721159
632,athabasca,54.7169,-113.2854,36.01,82,90,11.9,CA,1675721159
633,burayevo,55.8407,55.4083,1.56,99,97,1.36,RU,1675721160
634,malibu,34.005,-118.8101,71.96,48,0,8.99,US,1675721161
635,aswan,24.0934,32.907,58.3,41,0,3.44,EG,1675721161
636,zhezkazgan,47.8043,67.7144,-6.54,100,54,4.56,KZ,1675721162
637,general roca,-39.0333,-67.5833,92.62,19,25,4.88,AR,1675721162
638,broken hill,-31.95,141.4333,74.05,31,1,14.47,AU,1675721164
639,nabire,-3.3667,135.4833,75.24,89,100,2.51,ID,1675721165
640,san quintin,30.4833,-115.95,61.2,56,12,20.0,MX,1675721166
641,moctezuma,29.8,-109.6667,73.06,14,84,19.22,MX,1675721167
642,dawei,14.0833,98.2,71.33,88,44,3.2,MM,1675721168
643,ust-kan,50.9276,84.761,6.06,92,90,5.41,RU,1675721169
644,boksitogorsk,59.474,33.8485,8.85,99,81,3.29,RU,1675721170
645,yuanping,38.7153,112.7575,26.58,52,50,0.69,CN,1675721170
646,labuhan,-6.8844,112.2051,76.32,85,100,8.23,ID,1675721171
647,gedo,9.0167,37.45,53.85,34,100,4.12,ET,1675721172
648,college,64.8569,-147.8028,7.09,81,75,0.0,US,1675721173
649,singaraja,-8.112,115.0882,78.17,83,100,5.1,ID,1675721174
650,lazaro cardenas,17.9583,-102.2,81.99,59,0,10.18,MX,1675721175
651,eufaula,31.8913,-85.1455,70.32,31,9,2.93,US,1675721175
652,ust-omchug,61.15,149.6333,-32.87,97,96,4.0,RU,1675721001
653,port hardy,50.6996,-127.4199,44.78,100,100,11.5,CA,1675721176
654,vila franca do campo,37.7167,-25.4333,57.61,96,100,9.66,PT,1675721052
655,polewali,-3.4324,119.3435,75.2,80,93,3.94,ID,1675721179
656,dalvik,65.9702,-18.5286,31.93,74,88,25.59,IS,1675721179
657,port-cartier,50.0334,-66.8654,13.68,81,73,6.76,CA,1675721180
658,bellevue,47.6104,-122.2007,50.31,84,75,14.97,US,1675720970
659,bourail,-21.5667,165.4833,83.32,74,89,3.67,NC,1675721182
660,verkhoyansk,67.5447,133.385,-53.07,100,92,1.48,RU,1675721183
661,moree,-29.4667,149.85,77.49,57,59,13.78,AU,1675721184
662,simoes,-7.5989,-40.8178,77.07,66,100,4.94,BR,1675721185
663,waipawa,-41.4122,175.5153,68.92,60,3,5.86,NZ,1675721186
664,resistencia,-27.4606,-58.9839,100.38,24,0,8.05,AR,1675721187
665,andenes,69.3143,16.1194,45.93,87,100,29.93,NO,1675721188
666,limpapa,7.1197,121.9106,72.73,83,76,0.2,PH,1675721189
667,west wendover,40.7391,-114.0733,42.01,49,20,26.46,US,1675721190
668,griffith,41.5284,-87.4237,43.3,63,0,13.8,US,1675721190
669,jieshi,22.8134,115.8257,65.01,91,31,3.15,CN,1675721191
670,epe,6.5841,3.9834,79.3,87,100,5.39,NG,1675721191
671,snezhnogorsk,69.1933,33.2531,28.18,92,100,20.69,RU,1675721193
672,horsham,51.064,-0.3272,40.24,83,0,4.61,GB,1675721174
673,lumut,4.2323,100.6298,73.42,94,20,0.0,MY,1675720827
674,ravenna,44.4167,11.9833,41.9,53,58,11.12,IT,1675721194
675,kalevala,65.2,31.1667,19.51,87,100,6.2,RU,1675721195
676,amahai,-3.3333,128.9167,77.85,83,100,4.23,ID,1675721196
677,batemans bay,-35.7167,150.1833,69.1,84,92,2.89,AU,1675721196
678,kalmar,56.6616,16.3616,28.96,84,43,4.61,SE,1675721167
679,tiznit,29.5833,-9.5,50.02,73,22,0.98,MA,1675721198
680,istria,44.5667,28.7167,27.97,77,98,22.68,RO,1675721198
681,presidencia roque saenz pena,-26.7852,-60.4388,99.46,17,3,2.64,AR,1675721198
682,kargat,55.1956,80.2811,12.72,96,100,3.65,RU,1675721200
683,hrubieszow,50.805,23.8925,19.15,91,84,7.43,PL,1675721200
684,cap-aux-meules,47.3821,-61.8597,27.23,79,100,21.68,CA,1675721201
685,radviliskis,55.8167,23.5333,30.25,93,75,9.22,LT,1675721202
686,iquitos,-3.7481,-73.2472,82.44,74,40,9.22,PE,1675721203
687,parangan,5.0839,119.9383,79.48,78,93,2.55,PH,1675721203
688,prince rupert,54.3161,-130.3201,38.91,91,100,0.4,CA,1675721204
689,mani,4.8172,-72.2886,93.13,32,94,9.8,CO,1675721204
690,kurchum,48.5722,83.6542,12.6,96,99,3.44,KZ,1675721207
691,henties bay,-22.116,14.2845,64.56,88,52,1.68,NA,1675721207
692,tatawin,32.9297,10.4518,46.22,72,41,4.9,TN,1675721208
693,rodrigues alves,-7.738,-72.6509,74.17,92,99,0.87,BR,1675721210
694,salvador,13.8333,-88.9167,85.05,23,0,1.34,SV,1675721210
695,twentynine palms,34.1356,-116.0542,61.92,21,0,7.0,US,1675721200
696,manoel urbano,-8.8389,-69.2597,77.4,95,72,2.1,BR,1675721212
697,qasigiannguit,68.8193,-51.1922,-1.95,99,100,3.94,GL,1675721213
698,gweru,-19.45,29.8167,64.27,59,50,5.5,ZW,1675721213
699,kholmsk,47.0511,142.0569,9.97,93,100,1.36,RU,1675721214
700,murgab,37.4966,61.9714,46.98,54,60,11.03,TM,1675721215
701,marzuq,14.4,46.4667,62.76,39,37,5.01,YE,1675721216
702,elk city,35.412,-99.4043,71.82,24,0,8.88,US,1675721165
703,ibanesti,46.7667,24.9333,16.86,88,14,5.93,RO,1675721217
704,karratha,-20.7377,116.8463,84.9,66,2,2.98,AU,1675721218
705,sitrah,26.1547,50.6206,68.0,76,0,14.97,BH,1675721197
706,lagos,6.5833,3.75,79.99,84,100,5.61,NG,1675720992
707,ipaussu,-23.0553,-49.6284,74.19,78,46,3.4,BR,1675721219
708,xining,36.6167,101.7667,24.57,45,100,2.62,CN,1675721219
709,ikom,5.9667,8.7063,79.21,77,8,3.31,NG,1675721220
